{"cameraMode":{"drawMode":0,"name":"Shaded","section":"Shading Mode"},"sceneLighting":true,"audioPlay":false,"sceneViewState":{"m_AlwaysRefresh":false,"showFog":true,"showSkybox":true,"showFlares":true,"showImageEffects":true,"showParticleSystems":true,"showVisualEffectGraphs":true,"m_FxEnabled":true},"in2DMode":false,"pivot":{"x":0.7999999523162842,"y":0.26999998092651369,"z":8.069999694824219},"rotation":{"x":0.40354546904563906,"y":0.0205838605761528,"z":-0.00908130593597889,"w":0.9146836996078491},"size":2.1723828315734865,"orthographic":false}